competition,date,match,video,log
RC25,2025-07-16,HULKs_WisTex-United,https://logs.berlin-united.com/2025-07-15_RC25/videos/FieldB/pi112_2025-07-16_19_01_33_24_vs_54.mp4,https://b-human.informatik.uni-bremen.de/public/logs/2025/RoboCup/gc/FieldB/log_2025-07-16_15-00-55_HULKs_WisTex-United.yaml
RC25,2025-07-16,SPQR-Team_WisTex-United,https://logs.berlin-united.com/2025-07-15_RC25/videos/FieldB/pi112_2025-07-16_21_58_26_54_vs_19.mp4,https://b-human.informatik.uni-bremen.de/public/logs/2025/RoboCup/gc/FieldB/log_2025-07-16_17-56-19_WisTex-United_SPQR-Team.yaml
RC25,2025-07-16,SPQR-Team_WisTex-United,https://logs.berlin-united.com/2025-07-15_RC25/videos/FieldB/pi112_2025-07-16_22_21_21_54_vs_19.mp4,https://b-human.informatik.uni-bremen.de/public/logs/2025/RoboCup/gc/FieldB/log_2025-07-16_18-19-35_WisTex-United_SPQR-Team.yaml
RC25,2025-07-17,HTWK-Robots_RoboEireann,https://logs.berlin-united.com/2025-07-15_RC25/videos/FieldE/pi115_2025-07-17_20_32_59_17_vs_13.mp4,https://b-human.informatik.uni-bremen.de/public/logs/2025/RoboCup/gc/FieldE/log_2025-07-17_16-32-16_RoboEireann_HTWK-Robots.yaml
RC25,2025-07-17,HTWK-Robots_RoboEireann,https://logs.berlin-united.com/2025-07-15_RC25/videos/FieldE/pi115_2025-07-17_20_55_42_13_vs_17.mp4,https://b-human.informatik.uni-bremen.de/public/logs/2025/RoboCup/gc/FieldE/log_2025-07-17_16-32-16_RoboEireann_HTWK-Robots.yaml
RC25,2025-07-17,HULKs_B-Human,https://logs.berlin-united.com/2025-07-15_RC25/videos/FieldE/pi115_2025-07-17_18_07_12_24_vs_5.mp4,https://b-human.informatik.uni-bremen.de/public/logs/2025/RoboCup/gc/FieldE/log_2025-07-17_13-41-53_B-Human_HULKs.yaml
RC25,2025-07-17,Nao-Devils_Berlin-United,https://logs.berlin-united.com/2025-07-15_RC25/videos/FieldE/pi115_2025-07-17_15_52_38_4_vs_12.mp4,https://b-human.informatik.uni-bremen.de/public/logs/2025/RoboCup/gc/FieldE/log_2025-07-17_11-50-26_Nao-Devils_Berlin-United.yaml
RC25,2025-07-17,Nao-Devils_Berlin-United,https://logs.berlin-united.com/2025-07-15_RC25/videos/FieldE/pi115_2025-07-17_16_15_24_12_vs_4.mp4,https://b-human.informatik.uni-bremen.de/public/logs/2025/RoboCup/gc/FieldE/log_2025-07-17_11-50-26_Nao-Devils_Berlin-United.yaml
RC25,2025-07-17,Nao-Devils_HULKs,https://logs.berlin-united.com/2025-07-15_RC25/videos/FieldC/pi113_2025-07-17_23_35_39_12_vs_24.mp4,https://b-human.informatik.uni-bremen.de/public/logs/2025/RoboCup/gc/FieldC/log_2025-07-17_19-30-44_Nao-Devils_HULKs.yaml
RC25,2025-07-17,Nao-Devils_HULKs,https://logs.berlin-united.com/2025-07-15_RC25/videos/FieldC/pi113_2025-07-18_00_11_53_24_vs_12.mp4,https://b-human.informatik.uni-bremen.de/public/logs/2025/RoboCup/gc/FieldC/log_2025-07-17_19-30-44_Nao-Devils_HULKs.yaml
RC25,2025-07-17,Nao-Devils_HULKs,https://logs.berlin-united.com/2025-07-15_RC25/videos/FieldC/pi113_2025-07-18_00_21_21_24_vs_12.mp4,https://b-human.informatik.uni-bremen.de/public/logs/2025/RoboCup/gc/FieldC/log_2025-07-17_19-30-44_Nao-Devils_HULKs.yaml
RC25,2025-07-17,Nao-Devils_RedBackBots,https://logs.berlin-united.com/2025-07-15_RC25/videos/FieldB/pi112_2025-07-17_19_51_01_51_vs_12.mp4,https://b-human.informatik.uni-bremen.de/public/logs/2025/RoboCup/gc/FieldB/log_2025-07-17_15-50-01_Nao-Devils_RedBackBots.yaml
RC25,2025-07-17,Nao-Devils_RedBackBots,https://logs.berlin-united.com/2025-07-15_RC25/videos/FieldB/pi112_2025-07-17_20_17_34_12_vs_51.mp4,https://b-human.informatik.uni-bremen.de/public/logs/2025/RoboCup/gc/FieldB/log_2025-07-17_15-50-01_Nao-Devils_RedBackBots.yaml
RC25,2025-07-17,Naova_RedBackBots,https://logs.berlin-united.com/2025-07-15_RC25/videos/FieldA/pi111_2025-07-17_22_12_29_51_vs_45.mp4,https://b-human.informatik.uni-bremen.de/public/logs/2025/RoboCup/gc/FieldA/log_2025-07-17_18-02-41_RedBackBots_Naova.yaml
RC25,2025-07-17,Naova_RedBackBots,https://logs.berlin-united.com/2025-07-15_RC25/videos/FieldA/pi111_2025-07-17_22_22_06_51_vs_45.mp4,https://b-human.informatik.uni-bremen.de/public/logs/2025/RoboCup/gc/FieldA/log_2025-07-17_18-02-41_RedBackBots_Naova.yaml
RC25,2025-07-17,Naova_RedBackBots,https://logs.berlin-united.com/2025-07-15_RC25/videos/FieldA/pi111_2025-07-17_22_27_32_51_vs_45.mp4,https://b-human.informatik.uni-bremen.de/public/logs/2025/RoboCup/gc/FieldA/log_2025-07-17_18-02-41_RedBackBots_Naova.yaml
RC25,2025-07-17,Naova_RedBackBots,https://logs.berlin-united.com/2025-07-15_RC25/videos/FieldA/pi111_2025-07-18_01_18_07_51_vs_45.mp4,https://b-human.informatik.uni-bremen.de/public/logs/2025/RoboCup/gc/FieldA/log_2025-07-17_21-08-02_RedBackBots_Naova.yaml
RC25,2025-07-17,Naova_RedBackBots,https://logs.berlin-united.com/2025-07-15_RC25/videos/FieldA/pi111_2025-07-18_01_35_56_51_vs_45.mp4,https://b-human.informatik.uni-bremen.de/public/logs/2025/RoboCup/gc/FieldA/log_2025-07-17_21-34-26_RedBackBots_Naova.yaml
RC25,2025-07-17,RedBackBots_Dutch-Nao-Team,https://logs.berlin-united.com/2025-07-15_RC25/videos/FieldB/pi112_2025-07-17_18_07_41_8_vs_51.mp4,https://b-human.informatik.uni-bremen.de/public/logs/2025/RoboCup/gc/FieldB/log_2025-07-17_14-05-26_Dutch-Nao-Team_RedBackBots.yaml
RC25,2025-07-17,RedBackBots_Dutch-Nao-Team,https://logs.berlin-united.com/2025-07-15_RC25/videos/FieldB/pi112_2025-07-17_18_11_25_8_vs_51.mp4,https://b-human.informatik.uni-bremen.de/public/logs/2025/RoboCup/gc/FieldB/log_2025-07-17_14-05-26_Dutch-Nao-Team_RedBackBots.yaml
RC25,2025-07-17,RedBackBots_Dutch-Nao-Team,https://logs.berlin-united.com/2025-07-15_RC25/videos/FieldC/pi113_2025-07-17_13_17_55_51_vs_8.mp4,https://b-human.informatik.uni-bremen.de/public/logs/2025/RoboCup/gc/FieldC/log_2025-07-17_09-10-01_RedBackBots_Dutch-Nao-Team.yaml
RC25,2025-07-17,RoboEireann_B-Human,https://logs.berlin-united.com/2025-07-15_RC25/videos/FieldB/pi112_2025-07-17_15_30_37_5_vs_17.mp4,https://b-human.informatik.uni-bremen.de/public/logs/2025/RoboCup/gc/FieldB/log_2025-07-17_10-59-48_B-Human_RoboEireann.yaml
RC25,2025-07-17,SPQR-Team_B-Human,https://logs.berlin-united.com/2025-07-15_RC25/videos/FieldA/pi111_2025-07-17_23_49_21_19_vs_5.mp4,https://b-human.informatik.uni-bremen.de/public/logs/2025/RoboCup/gc/FieldA/log_2025-07-17_19-48-51_SPQR-Team_B-Human.yaml
RC25,2025-07-17,SPQR-Team_B-Human,https://logs.berlin-united.com/2025-07-15_RC25/videos/FieldA/pi111_2025-07-17_23_59_01_19_vs_5.mp4,https://b-human.informatik.uni-bremen.de/public/logs/2025/RoboCup/gc/FieldA/log_2025-07-17_19-48-51_SPQR-Team_B-Human.yaml
RC25,2025-07-17,SPQR-Team_B-Human,https://logs.berlin-united.com/2025-07-15_RC25/videos/FieldA/pi111_2025-07-18_00_31_20_5_vs_19.mp4,https://b-human.informatik.uni-bremen.de/public/logs/2025/RoboCup/gc/FieldA/log_2025-07-17_19-48-51_SPQR-Team_B-Human.yaml
RC25,2025-07-17,SPQR-Team_Naova,https://logs.berlin-united.com/2025-07-15_RC25/videos/FieldA/pi111_2025-07-17_19_35_41_19_vs_45.mp4,https://b-human.informatik.uni-bremen.de/public/logs/2025/RoboCup/gc/FieldA/log_2025-07-17_15-34-27_SPQR-Team_Naova.yaml
RC25,2025-07-17,SPQR-Team_Naova,https://logs.berlin-united.com/2025-07-15_RC25/videos/FieldA/pi111_2025-07-17_20_04_02_45_vs_19.mp4,https://b-human.informatik.uni-bremen.de/public/logs/2025/RoboCup/gc/FieldA/log_2025-07-17_15-34-27_SPQR-Team_Naova.yaml
RC25,2025-07-17,SPQR-Team_WisTex-United,https://logs.berlin-united.com/2025-07-15_RC25/videos/FieldA/pi111_2025-07-17_15_17_39_19_vs_54.mp4,https://b-human.informatik.uni-bremen.de/public/logs/2025/RoboCup/gc/FieldA/log_2025-07-17_10-45-11_WisTex-United_SPQR-Team.yaml
RC25,2025-07-18,HTWK-Robots_B-Human,https://logs.berlin-united.com/2025-07-15_RC25/videos/FieldC/pi113_2025-07-18_23_03_14_5_vs_13.mp4,https://b-human.informatik.uni-bremen.de/public/logs/2025/RoboCup/gc/FieldC/log_2025-07-18_19-02-22_B-Human_HTWK-Robots.yaml
RC25,2025-07-18,HTWK-Robots_B-Human,https://logs.berlin-united.com/2025-07-15_RC25/videos/FieldC/pi113_2025-07-18_23_30_31_13_vs_5.mp4,https://b-human.informatik.uni-bremen.de/public/logs/2025/RoboCup/gc/FieldC/log_2025-07-18_19-02-22_B-Human_HTWK-Robots.yaml
RC25,2025-07-18,HTWK-Robots_RedBackBots,https://logs.berlin-united.com/2025-07-15_RC25/videos/FieldA/pi111_2025-07-18_14_16_18_51_vs_13.mp4,https://b-human.informatik.uni-bremen.de/public/logs/2025/RoboCup/gc/FieldA/log_2025-07-18_10-11-40_RedBackBots_HTWK-Robots.yaml
RC25,2025-07-18,HTWK-Robots_RedBackBots,https://logs.berlin-united.com/2025-07-15_RC25/videos/FieldA/pi111_2025-07-18_14_38_34_13_vs_51.mp4,https://b-human.informatik.uni-bremen.de/public/logs/2025/RoboCup/gc/FieldA/log_2025-07-18_10-11-40_RedBackBots_HTWK-Robots.yaml
RC25,2025-07-18,HTWK-Robots_RedBackBots,https://logs.berlin-united.com/2025-07-15_RC25/videos/FieldA/pi111_2025-07-18_14_47_41_13_vs_51.mp4,https://b-human.informatik.uni-bremen.de/public/logs/2025/RoboCup/gc/FieldA/log_2025-07-18_10-11-40_RedBackBots_HTWK-Robots.yaml
RC25,2025-07-18,HULKs_WisTex-United,https://logs.berlin-united.com/2025-07-15_RC25/videos/FieldE/pi111_2025-07-18_21_14_39_54_vs_24.mp4,https://b-human.informatik.uni-bremen.de/public/logs/2025/RoboCup/gc/FieldE/log_2025-07-18_17-10-53_WisTex-United_HULKs.yaml
RC25,2025-07-18,HULKs_WisTex-United,https://logs.berlin-united.com/2025-07-15_RC25/videos/FieldE/pi111_2025-07-18_21_36_47_24_vs_54.mp4,https://b-human.informatik.uni-bremen.de/public/logs/2025/RoboCup/gc/FieldE/log_2025-07-18_17-10-53_WisTex-United_HULKs.yaml
RC25,2025-07-18,Nao-Devils_B-Human,https://logs.berlin-united.com/2025-07-15_RC25/videos/FieldD/pi115_2025-07-18_16_59_45_12_vs_5.mp4,https://b-human.informatik.uni-bremen.de/public/logs/2025/RoboCup/gc/FieldD/log_2025-07-18_12-58-42_B-Human_Nao-Devils.yaml
RC25,2025-07-18,Nao-Devils_B-Human,https://logs.berlin-united.com/2025-07-15_RC25/videos/FieldD/pi115_2025-07-18_17_30_09_5_vs_12.mp4,https://b-human.informatik.uni-bremen.de/public/logs/2025/RoboCup/gc/FieldD/log_2025-07-18_12-58-42_B-Human_Nao-Devils.yaml
RC25,2025-07-18,Nao-Devils_Dutch-Nao-Team,https://logs.berlin-united.com/2025-07-15_RC25/videos/FieldA/pi111_2025-07-18_22_00_51_12_vs_8.mp4,https://b-human.informatik.uni-bremen.de/public/logs/2025/RoboCup/gc/FieldA/log_2025-07-18_17-54-56_Nao-Devils_Dutch-Nao-Team.yaml
RC25,2025-07-18,Nao-Devils_Dutch-Nao-Team,https://logs.berlin-united.com/2025-07-15_RC25/videos/FieldA/pi111_2025-07-18_22_28_00_8_vs_12.mp4,https://b-human.informatik.uni-bremen.de/public/logs/2025/RoboCup/gc/FieldA/log_2025-07-18_17-54-56_Nao-Devils_Dutch-Nao-Team.yaml
RC25,2025-07-18,Naova_Dutch-Nao-Team,https://logs.berlin-united.com/2025-07-15_RC25/videos/FieldA/pi111_2025-07-18_17_52_11_45_vs_8.mp4,https://b-human.informatik.uni-bremen.de/public/logs/2025/RoboCup/gc/FieldA/log_2025-07-18_13-41-01_Dutch-Nao-Team_Naova.yaml
RC25,2025-07-18,Naova_RedBackBots,https://logs.berlin-united.com/2025-07-15_RC25/videos/FieldB/pi112_2025-07-18_22_13_56_45_vs_51.mp4,https://b-human.informatik.uni-bremen.de/public/logs/2025/RoboCup/gc/FieldB/log_2025-07-18_18-13-40_Naova_RedBackBots.yaml
RC25,2025-07-18,Naova_RedBackBots,https://logs.berlin-united.com/2025-07-15_RC25/videos/FieldB/pi112_2025-07-18_22_40_56_51_vs_45.mp4,https://b-human.informatik.uni-bremen.de/public/logs/2025/RoboCup/gc/FieldB/log_2025-07-18_18-13-40_Naova_RedBackBots.yaml
RC25,2025-07-18,Naova_RedBackBots,https://logs.berlin-united.com/2025-07-15_RC25/videos/FieldB/pi112_2025-07-18_23_08_32_51_vs_45.mp4,https://b-human.informatik.uni-bremen.de/public/logs/2025/RoboCup/gc/FieldB/log_2025-07-18_18-13-40_Naova_RedBackBots.yaml
RC25,2025-07-18,RoboEireann_SPQR-Team,https://logs.berlin-united.com/2025-07-15_RC25/videos/FieldD/pi115_2025-07-18_23_17_55_19_vs_17.mp4,https://b-human.informatik.uni-bremen.de/public/logs/2025/RoboCup/gc/FieldD/log_2025-07-18_19-16-52_SPQR-Team_RoboEireann.yaml
RC25,2025-07-18,RoboEireann_SPQR-Team,https://logs.berlin-united.com/2025-07-15_RC25/videos/FieldD/pi115_2025-07-18_23_44_16_17_vs_19.mp4,https://b-human.informatik.uni-bremen.de/public/logs/2025/RoboCup/gc/FieldD/log_2025-07-18_19-16-52_SPQR-Team_RoboEireann.yaml
RC25,2025-07-18,RoboEireann_WisTex-United,https://logs.berlin-united.com/2025-07-15_RC25/videos/FieldE/pi111_2025-07-18_16_33_30_17_vs_54.mp4,https://b-human.informatik.uni-bremen.de/public/logs/2025/RoboCup/gc/FieldE/log_2025-07-18_12-32-55_WisTex-United_RoboEireann.yaml
RC25,2025-07-18,RoboEireann_WisTex-United,https://logs.berlin-united.com/2025-07-15_RC25/videos/FieldE/pi111_2025-07-18_16_55_03_54_vs_17.mp4,https://b-human.informatik.uni-bremen.de/public/logs/2025/RoboCup/gc/FieldE/log_2025-07-18_12-32-55_WisTex-United_RoboEireann.yaml
RC25,2025-07-18,SPQR-Team_HULKs,https://logs.berlin-united.com/2025-07-15_RC25/videos/FieldC/pi113_2025-07-18_16_45_25_19_vs_24.mp4,https://b-human.informatik.uni-bremen.de/public/logs/2025/RoboCup/gc/FieldC/log_2025-07-18_12-44-07_SPQR-Team_HULKs.yaml
RC25,2025-07-18,SPQR-Team_HULKs,https://logs.berlin-united.com/2025-07-15_RC25/videos/FieldC/pi113_2025-07-18_17_11_59_24_vs_19.mp4,https://b-human.informatik.uni-bremen.de/public/logs/2025/RoboCup/gc/FieldC/log_2025-07-18_12-44-07_SPQR-Team_HULKs.yaml
RC25,2025-07-18,rUNSWift_Dutch-Nao-Team,https://logs.berlin-united.com/2025-07-15_RC25/videos/FieldB/pi112_2025-07-18_13_17_34_8_vs_18.mp4,https://b-human.informatik.uni-bremen.de/public/logs/2025/RoboCup/gc/FieldB/log_2025-07-18_09-16-07_Dutch-Nao-Team_rUNSWift.yaml
RC25,2025-07-18,rUNSWift_Dutch-Nao-Team,https://logs.berlin-united.com/2025-07-15_RC25/videos/FieldB/pi112_2025-07-18_13_50_52_18_vs_8.mp4,https://b-human.informatik.uni-bremen.de/public/logs/2025/RoboCup/gc/FieldB/log_2025-07-18_09-16-07_Dutch-Nao-Team_rUNSWift.yaml
RC25,2025-07-18,rUNSWift_RedBackBots,https://logs.berlin-united.com/2025-07-15_RC25/videos/FieldE/pi111_2025-07-18_18_45_43_51_vs_18.mp4,https://b-human.informatik.uni-bremen.de/public/logs/2025/RoboCup/gc/FieldE/log_2025-07-18_14-39-59_RedBackBots_rUNSWift.yaml
RC25,2025-07-18,rUNSWift_RedBackBots,https://logs.berlin-united.com/2025-07-15_RC25/videos/FieldE/pi111_2025-07-18_18_57_35_51_vs_18.mp4,https://b-human.informatik.uni-bremen.de/public/logs/2025/RoboCup/gc/FieldE/log_2025-07-18_14-39-59_RedBackBots_rUNSWift.yaml
RC25,2025-07-18,rUNSWift_RedBackBots,https://logs.berlin-united.com/2025-07-15_RC25/videos/FieldE/pi111_2025-07-18_19_15_15_18_vs_51.mp4,https://b-human.informatik.uni-bremen.de/public/logs/2025/RoboCup/gc/FieldE/log_2025-07-18_14-39-59_RedBackBots_rUNSWift.yaml
RC25,2025-07-19,B-Human_WisTex-United,https://logs.berlin-united.com/2025-07-15_RC25/videos/FieldE/pi115_2025-07-19_15_51_25_54_vs_5.mp4,https://b-human.informatik.uni-bremen.de/public/logs/2025/RoboCup/gc/FieldE/log_2025-07-19_11-47-46_B-Human_WisTex-United.yaml
RC25,2025-07-19,B-Human_WisTex-United,https://logs.berlin-united.com/2025-07-15_RC25/videos/FieldE/pi115_2025-07-19_16_12_46_5_vs_54.mp4,https://b-human.informatik.uni-bremen.de/public/logs/2025/RoboCup/gc/FieldE/log_2025-07-19_11-47-46_B-Human_WisTex-United.yaml
RC25,2025-07-19,HTWK-Robots_Naova,https://logs.berlin-united.com/2025-07-15_RC25/videos/FieldB/pi112_2025-07-19_15_02_03_13_vs_45.mp4,https://b-human.informatik.uni-bremen.de/public/logs/2025/RoboCup/gc/FieldB/log_2025-07-19_10-59-32_Naova_HTWK-Robots.yaml
RC25,2025-07-19,HTWK-Robots_Naova,https://logs.berlin-united.com/2025-07-15_RC25/videos/FieldB/pi112_2025-07-19_15_38_28_45_vs_13.mp4,https://b-human.informatik.uni-bremen.de/public/logs/2025/RoboCup/gc/FieldB/log_2025-07-19_10-59-32_Naova_HTWK-Robots.yaml
RC25,2025-07-19,HTWK-Robots_WisTex-United,https://logs.berlin-united.com/2025-07-15_RC25/videos/FieldC/pi113_2025-07-19_21_32_47_54_vs_13.mp4,https://b-human.informatik.uni-bremen.de/public/logs/2025/RoboCup/gc/FieldC/log_2025-07-19_17-28-31_WisTex-United_HTWK-Robots.yaml
RC25,2025-07-19,HTWK-Robots_WisTex-United,https://logs.berlin-united.com/2025-07-15_RC25/videos/FieldC/pi113_2025-07-19_21_54_46_13_vs_54.mp4,https://b-human.informatik.uni-bremen.de/public/logs/2025/RoboCup/gc/FieldC/log_2025-07-19_17-28-31_WisTex-United_HTWK-Robots.yaml
RC25,2025-07-19,HTWK-Robots_WisTex-United,https://logs.berlin-united.com/2025-07-15_RC25/videos/FieldC/pi113_2025-07-19_22_24_14_13_vs_54.mp4,https://b-human.informatik.uni-bremen.de/public/logs/2025/RoboCup/gc/FieldC/log_2025-07-19_17-28-31_WisTex-United_HTWK-Robots.yaml
RC25,2025-07-19,HULKs_Dutch-Nao-Team,https://logs.berlin-united.com/2025-07-15_RC25/videos/FieldA/pi111_2025-07-19_17_59_29_8_vs_24.mp4,https://b-human.informatik.uni-bremen.de/public/logs/2025/RoboCup/gc/FieldA/log_2025-07-19_13-52-20_HULKs_Dutch-Nao-Team.yaml
RC25,2025-07-19,HULKs_Dutch-Nao-Team,https://logs.berlin-united.com/2025-07-15_RC25/videos/FieldA/pi111_2025-07-19_18_27_22_24_vs_8.mp4,https://b-human.informatik.uni-bremen.de/public/logs/2025/RoboCup/gc/FieldA/log_2025-07-19_13-52-20_HULKs_Dutch-Nao-Team.yaml
RC25,2025-07-19,Nao-Devils_B-Human,https://logs.berlin-united.com/2025-07-15_RC25/videos/FieldB/pi112_2025-07-19_23_51_52_5_vs_12.mp4,https://b-human.informatik.uni-bremen.de/public/logs/2025/RoboCup/gc/FieldB/log_2025-07-19_19-50-14_B-Human_Nao-Devils.yaml
RC25,2025-07-19,Nao-Devils_B-Human,https://logs.berlin-united.com/2025-07-15_RC25/videos/FieldB/pi112_2025-07-20_00_05_52_5_vs_12.mp4,https://b-human.informatik.uni-bremen.de/public/logs/2025/RoboCup/gc/FieldB/log_2025-07-19_19-50-14_B-Human_Nao-Devils.yaml
RC25,2025-07-19,Nao-Devils_B-Human,https://logs.berlin-united.com/2025-07-15_RC25/videos/FieldB/pi112_2025-07-20_00_29_59_12_vs_5.mp4,https://b-human.informatik.uni-bremen.de/public/logs/2025/RoboCup/gc/FieldB/log_2025-07-19_19-50-14_B-Human_Nao-Devils.yaml
RC25,2025-07-19,Nao-Devils_Naova,https://logs.berlin-united.com/2025-07-15_RC25/videos/FieldB/pi112_2025-07-19_18_12_28_45_vs_12.mp4,https://b-human.informatik.uni-bremen.de/public/logs/2025/RoboCup/gc/FieldB/log_2025-07-19_14-12-16_Nao-Devils_Naova.yaml
RC25,2025-07-19,Nao-Devils_Naova,https://logs.berlin-united.com/2025-07-15_RC25/videos/FieldB/pi112_2025-07-19_18_44_51_12_vs_45.mp4,https://b-human.informatik.uni-bremen.de/public/logs/2025/RoboCup/gc/FieldB/log_2025-07-19_14-12-16_Nao-Devils_Naova.yaml
RC25,2025-07-19,Nao-Devils_Naova,https://logs.berlin-united.com/2025-07-15_RC25/videos/FieldB/pi112_2025-07-19_18_58_50_12_vs_45.mp4,https://b-human.informatik.uni-bremen.de/public/logs/2025/RoboCup/gc/FieldB/log_2025-07-19_14-12-16_Nao-Devils_Naova.yaml
RC25,2025-07-19,Nao-Devils_RoboEireann,https://logs.berlin-united.com/2025-07-15_RC25/videos/FieldA/pi111_2025-07-19_14_46_06_17_vs_12.mp4,https://b-human.informatik.uni-bremen.de/public/logs/2025/RoboCup/gc/FieldA/log_2025-07-19_10-42-53_RoboEireann_Nao-Devils.yaml
RC25,2025-07-19,Nao-Devils_RoboEireann,https://logs.berlin-united.com/2025-07-15_RC25/videos/FieldA/pi111_2025-07-19_15_15_34_12_vs_17.mp4,https://b-human.informatik.uni-bremen.de/public/logs/2025/RoboCup/gc/FieldA/log_2025-07-19_10-42-53_RoboEireann_Nao-Devils.yaml
RC25,2025-07-19,Nao-Devils_RoboEireann,https://logs.berlin-united.com/2025-07-15_RC25/videos/FieldA/pi111_2025-07-19_15_33_18_12_vs_17.mp4,https://b-human.informatik.uni-bremen.de/public/logs/2025/RoboCup/gc/FieldA/log_2025-07-19_10-42-53_RoboEireann_Nao-Devils.yaml
RC25,2025-07-19,Naova_RedBackBots,https://logs.berlin-united.com/2025-07-15_RC25/videos/FieldA/pi111_2025-07-19_20_30_34_45_vs_51.mp4,https://b-human.informatik.uni-bremen.de/public/logs/2025/RoboCup/gc/FieldA/log_2025-07-19_16-23-42_Naova_RedBackBots.yaml
RC25,2025-07-19,Naova_RedBackBots,https://logs.berlin-united.com/2025-07-15_RC25/videos/FieldA/pi111_2025-07-19_20_44_11_51_vs_45.mp4,https://b-human.informatik.uni-bremen.de/public/logs/2025/RoboCup/gc/FieldA/log_2025-07-19_16-23-42_Naova_RedBackBots.yaml
RC25,2025-07-19,RoboEireann_HULKs,https://logs.berlin-united.com/2025-07-15_RC25/videos/FieldA/pi111_2025-07-19_22_59_31_17_vs_24.mp4,https://b-human.informatik.uni-bremen.de/public/logs/2025/RoboCup/gc/FieldA/log_2025-07-19_18-56-51_RoboEireann_HULKs.yaml
RC25,2025-07-19,RoboEireann_HULKs,https://logs.berlin-united.com/2025-07-15_RC25/videos/FieldA/pi111_2025-07-19_23_13_31_17_vs_24.mp4,https://b-human.informatik.uni-bremen.de/public/logs/2025/RoboCup/gc/FieldA/log_2025-07-19_18-56-51_RoboEireann_HULKs.yaml
RC25,2025-07-19,RoboEireann_HULKs,https://logs.berlin-united.com/2025-07-15_RC25/videos/FieldA/pi111_2025-07-19_23_27_13_24_vs_17.mp4,https://b-human.informatik.uni-bremen.de/public/logs/2025/RoboCup/gc/FieldA/log_2025-07-19_18-56-51_RoboEireann_HULKs.yaml
RC25,2025-07-19,SPQR-Team_Dutch-Nao-Team,https://logs.berlin-united.com/2025-07-15_RC25/videos/FieldA/pi111_2025-07-19_12_59_54_8_vs_19.mp4,https://b-human.informatik.uni-bremen.de/public/logs/2025/RoboCup/gc/FieldE/log_2025-07-19_08-54-27_SPQR-Team_Dutch-Nao-Team.yaml
RC25,2025-07-19,SPQR-Team_Dutch-Nao-Team,https://logs.berlin-united.com/2025-07-15_RC25/videos/FieldA/pi111_2025-07-19_13_21_11_19_vs_8.mp4,https://b-human.informatik.uni-bremen.de/public/logs/2025/RoboCup/gc/FieldE/log_2025-07-19_08-54-27_SPQR-Team_Dutch-Nao-Team.yaml
RC25,2025-07-19,rUNSWift_HULKs,https://logs.berlin-united.com/2025-07-15_RC25/videos/FieldC/pi113_2025-07-19_13_45_46_24_vs_18.mp4,https://b-human.informatik.uni-bremen.de/public/logs/2025/RoboCup/gc/FieldC/log_2025-07-19_09-41-51_HULKs_rUNSWift.yaml
RC25,2025-07-19,rUNSWift_HULKs,https://logs.berlin-united.com/2025-07-15_RC25/videos/FieldC/pi113_2025-07-19_14_14_03_18_vs_24.mp4,https://b-human.informatik.uni-bremen.de/public/logs/2025/RoboCup/gc/FieldC/log_2025-07-19_09-41-51_HULKs_rUNSWift.yaml
RC25,2025-07-19,rUNSWift_RedBackBots,https://logs.berlin-united.com/2025-07-15_RC25/videos/FieldC/pi113_2025-07-19_16_15_47_51_vs_18.mp4,https://b-human.informatik.uni-bremen.de/public/logs/2025/RoboCup/gc/FieldC/log_2025-07-19_12-09-39_RedBackBots_rUNSWift.yaml
RC25,2025-07-19,rUNSWift_RedBackBots,https://logs.berlin-united.com/2025-07-15_RC25/videos/FieldC/pi113_2025-07-19_16_41_44_18_vs_51.mp4,https://b-human.informatik.uni-bremen.de/public/logs/2025/RoboCup/gc/FieldC/log_2025-07-19_12-09-39_RedBackBots_rUNSWift.yaml
RC25,2025-07-19,rUNSWift_SPQR-Team,https://logs.berlin-united.com/2025-07-15_RC25/videos/FieldB/pi112_2025-07-19_20_19_30_18_vs_19.mp4,https://b-human.informatik.uni-bremen.de/public/logs/2025/RoboCup/gc/FieldB/log_2025-07-19_16-15-42_SPQR-Team_rUNSWift.yaml
